SMILES,IC50,EC50,Ki,Kd,PDB_ID,Binding_Affinity,Absorption,Distribution,Metabolism,Excretion,Toxicity
c1nc2ccc(N)c(cc1)c(c3c(c4ccc(c5ccc4OC)c5)ccc(O)c(n2c3C)cc3)N(C)C,16.106,37.901,21.631,51.336,4G6D,-6.817,0.9922,3.342,0.1809,0.0101,0.623
C1=CC(CNC2=C1C3=CC=C(C=C3)C4=CC(C=C(C=C4)C(C)=C5C(=C6C2=CC/C=C\C=C6)C3,0.0,149.89,128.0,124.99,3P2Z,-7.2,0.413,4.04,0.0,0.196,1.55
CCC(CC(=O)N(C(=O)NC(=O)C(=C(C(=O)N(C(=O)N(C(=O)N(C(=O)N(C(=O)C,12.35,11.87,14.97,2.82,6J5K,-7.516,58.88,0.957,2.464,0.885,1.371
CCOC1=CC(=C1)C(=O)C1=C(C=O)C(C(=O)C=C1C(=O)C1)C=C1C(=O)C1=C(C=C1)C,3.46,1.06,3.38,0.33,2E6O,-7.275,0.224,1.87,0.025,0.007,0.956
CC(O)=C1C(O)N(C(O)=O)C(=O)N1,28.54,1.29,7.92,4.32,1j1c,-7.878,0.999,0.98,0.948,0.999,0.018
C1=CC=CC=C1,11.0794,15.3716,2.4257,0.7539,3L2M,-6.60308,0.6137,0.9393,0.9012,0.9544,1.4972
C1=CC=CC=C1C(=O)O,1.354,2.797,0.704,1.289,1F0X,-9.613,0.95,1.583,1.0,0.324,1.14
C1=CC(S(=O)(=O)O)CSC(=O)C1=CC=C(NC(=O)C(=O)NCCNC(=O)C(=O)NCCNCC(=O)C(=O)N,35.1966,3.3039,2.0572,1.782,2GQZ,-7.4316,0.8621,4.52,0.2727,0.0703,-1.0981
[CH]1C(C2=C(C=C3C(=C(C(=C3)C4CCC5=[C@H]1C(=O)C(C=C4C2C=C(C=C3C5)C(C,40.94,15.29,14.93,13.13,5H92,-5.789,0.8417,0.4345,0.5062,0.9817,1.7
CCOC(=O)[C@@H](Nc1ccc(C(=O)N[C@@H](CC(=O)OCCC(=O)C(=O)CC(=O)NC(=O)C(=O)NC(=O,2.83,2.42,0.055,2.55,6LU7,-8.99,0.542,1.07,0.242,0.299,1.28
CC(=O)NCC1=CC=CC(O=C2C=CC(C)C3=CC=CC=C3C=C2O)C=C1,30.192,17.973,4.387,13.278,1E94,-8.426,0.994,1.193,0.995,0.999,0.5
CC(C)C(C)C1=CC=CC(=O)C=C1,66.9,20.0,14.9,42.1,5JBK,-7.724,0.8856,1.355,1.0,1.0,1.0
c1ccc(c(cc1)c(c2ccc(c(c3ccsc3)C)c(c4cc(c(c5ccc(C)c3)c(c6ccc(C)c4)c5)cc4)cc,1.02,40.3,1.0,1.0,6O6R,-7.541,0.49,2.39,0.96,1.0,1.65
CC(=O)C(=O)[N+]([O-])=O,35.0,12.0,11.0,36.2649,2FU4,-7.673556,0.7482,2.81,0.4534,0.1894,-2.460691
CC1=C(CC(=O)OCC(=O)OCC(=O)C(=O)NCC(=O)OCC(=O)OCC(=O)C(=O)NCC(=O)OCC(=O)OCC,1.2,2.5,8.3,5.8,6IQH,-7.5,0.938,1.9,0.952,0.908,1.77
c1cc(ccc1)OCC(C(=O)Nc2ccccc2)C1=CC=C(O)C=C1,74.71,16.34,111.64,24.13,2L2S,-7.821,0.127,11.25,0.145,1.249,0.46
C1=C2C(=N1C(=O)Nc2ccccc2)O,2.4,1.8,0.9,1.9,2PQQ,-7.2,0.8,3.5,0.2,0.7,0.6
CC(=O)NC1CN(CCCN1)C,28.46,160.43,9.99,12.03,6k45,-10.9,0.99,116.1,0.77,0.41,0.7
CC(O)CC(=O)[C@@H](NC1=CC2=CC=CC=C2SC(=O)C(=O)C3=CC=CC=C3C1=O)O,24.96,2.49,1.4,1.0,6H0Q,-6.70726,0.153774,1.97,0.0143226,0.156042,2.428
CN1CCC(=C(OC(=C1C)C)C)C(=C1)CCC1,1.92,1.74,17.78,11.3,6LVK,-8.11,0.64,6.13,0.105,0.374,2.01
CC(=O)C(=O)C(C=O)C1=CC=CC=C1,46.59,10.69,12.44,10.78,4IDG,6.349,0.66002,0.663,0.57609,0.27935,0.445
CC(=O)OC1=CN(C2=CC=CC=C2)C(C3=CC=CC=C3)C,21.19,24.57,13.23,19.64,2Z9K,-7.122,0.9624,1.409,0.2486,0.9119,0.8511
CCc1cccnc(c2=O)c(c3=C(=O)Nc4ccccc4)c3c(N)cc2NC,108.734,42.7814,12.3533,11.9258,4XHQ,-8.86636,0.576,2.39,4.348,0.00368,1.785
C=CC1=CC=CC=C1,21.9,2.5,2.0,8.5,2JQ3,-8.0,0.081,0.722,0.03,0.01,0.02
CC1NCCN1CC(N)CC1,1.5,2.6,1.5,1.6,1P77,-7.73,0.85,1.78,0.01,0.36,1.34
CCC1=C(C2=CC=C(C(C(=O)NCC2=CC=C1)O)C)C,2.6,7.1,8.5,4.3,4FQE,-7.1,0.981,1.24,1.0,0.139,0.834
C[C@@H]1C2[C@@H]([C@@H]3CC(=O)C4CC5=CC=CC=C54)CC[C@@H]5CC[C@@H](O)C34,16.08,5.0,1.71,0.88,2d7g,-10.5999,0.8894,1.32,0.1785,0.0377,1.965
CCN1CCCC(C(C(CCN1CCCC(CCC1)CCC1)CCN1CCCC(CCC1)CCC1)CC(C(C(CCN1CCCC(C(C(C(CC1)C(C(CC,2.36,0.54,2.3,3.07,3J55,-7.167,0.678,4.18,0.038,0.009,2.9
Cc1cc(c2c(c3c(c4c(c5c(C)c5)c4)c3)n(C)N)c2c1,19.76,0.108,5.35,4.71,6H3K,-9.136,0.556,6.831,0.574,0.098,1.695
Cc1ccc(c1)c(CO)c(CCCC(=O)O)c1,110.45,25.17,267.46,29.34,2FZB,4.8106,0.4535,1.9719,0.193,0.3757,1.4128
CN1C=2C(C(=O)C(C(=O)C(C(=O)C1=CNC(=O)CNC(=O)CNC(=O)CNC(=O)C1=CC=C2C(=O,8.0,0.1,6.7,10.1,6LU4,-7.9,0.73,1.2,0.041,0.72,19.0
CCN1CC2C(=O)N(C2)C(=O)C1C(C2C(=O)C(C=C2)CCC22)C(=O)N(C2)C(=O)C1,11.7,8.2,7.2,10.6,3L2Y,-6.361,0.8622,3.15,0.00507,0.0107,1.52
CCCCC1=C(Cl)C(OC(=O)C1N(=N)C(=O)N1)O)C,0.191,12.9,0.005,0.133,5KR5,-8.257,0.994,1.951,0.024,0.04,0.723
CCCCCCO1C(=O)CCCCCCO1,7.46,40.0,4.81,1.31,2b6h,-9.503,0.95,8.37,1.25,1.5,0.11
C1=CC=C2C=CC(C(=O)O)C2,6.36,1.41,89.16,17.95,3LIW,-9.709,0.9584,5.137,0.0168,0.0948,2.652
Cc1cc(c2ccc(cc2)ccc3c(c4cc(c5cc(c4)cc5c2ccc(cc5)C)O)C)C3,7.795,2.582,7.884,11.53,3GDF,-7.442,0.639,0.79,0.047,0.171,1.655
Cc1(Cc2c(c3ccccc3OC)c(c2c(C(=O)Br)C)C)c4cc(c(cc1)O)c(c(c4)Br)ccc1,4.28,65.03,10.83,10.09,5TDE,-8.613,0.9997,0.552,0.3697,0.3389,0.0012
Cc1ccc(CCCCC(C(=O)CC(=O)C(Nc2ccc(N)cc1)O)C(=O)O)O,5.192,3.106,1.672,1.684,3JR8,-7.986,0.7522,4.489,0.2153,0.1958,1.146
CC1=C(N)=C(C=C1C(=O)C=CC(O)=C1)C(=O)C1=C(C=C2C(=O)C=C(N)N2C([O-])=O)O,200.0,26.0,0.0,20.0,5HXQ,-7.3109,0.6978,10.5,0.03,0.9999,0.2045
c1ccc(n1C(=O)N2c1c(cc1)ncc(C(=O)Oc2ccccc2)nc2c(c3ccccc3)c3)c(CCC(=O)O)c2,1.28,7.87,4.22,4.76,2W9X,-9.932,0.786,4.283,0.897,0.709,2.0
CC1=CC=C2C3=NC=C2C=C3C(=O)C2=CC=CC=C2,1.03,1.81,1.31,1.93,4O7C,-7.648,0.829,1.22,0.031,0.009,1.334
C1=CC=C(N(C(=O)NC1=C(C(=O)N1CC2=CC=CC=C2)C=C1C=C(N(C(=O)NC1=C(C(=O)N1CC,31.17,44.45,7.99,32.13,3CL,-6.8,0.72,1.22,0.25,0.34,2.5
Cc1=CC[C@H](C=C(C)C)C(=O)C(=O)N[C@H](C)C(=O)N[C@H](C)C(=O)N[C@H](C)C(,2.43,1.83,2.62,3.25,6C1Q,-7.4,0.984,0.646,0.042,0.925,1.14
C1=CCC(C(=O)N1C(=O)NCCNC2=CC(C(=O)N2C3=CC(C(=O)N3C(=O)NCCNC4=CC(C(=O)N4C,21.9,3.96,0.29,0.33,1pfl,-9.114,1.0,1.02,0.42,1.0,0.12
CCC(Oc1cc(Oc2cc(Oc3ccc(O2)cc1)c)c2c(c3ccc(O)cc3)nc2c1)c1O,1.0,4.98,3.46,2.86,2YEV,-7.328,0.6767,6.96,0.0364,0.2364,0.2432
Cc1cc(c2ccc(c(c3c4ccc(c5(c4Cc6cc(C(c7ccc(C(c8ccc(C(c9ccc(C(C=C(C(=O)O)C,1.129,2.945,1.48,11.098,2XG9,-6.792,0.9547,0.7929,1.173,0.9519,2.251
[H]C([H])([H])[H],150.0,150.0,111.3,331.3,4b89,-5.7,0.999,1.89,0.0,0.952,0.24
CC(CC1=C(C(=O)C2=CC=C(C=C2)&N=C(=O)C=C3C4=CC=CC=C4C5=C3C6=C(C=C3)C(N=C,5.55,28.82,2.45,7.7,3drf,-6.305,0.8097,3.624,0.2069,0.8952,2.17
CC(=C)C(C(=O)NC=1CC2=C(C(=O)COC(=C2)C(C(=O)OC)O)C(=O)O)C(=O)O,2.27,1.24,0.16,0.78,4YZM,-7.1,0.9595,8.21,0.0143,0.0865,0.25
CCCC(=O)CC=C(C=1C=CC(C=1C=CC(C=1CCC(=O)C(=O)O)O)O)O,11.11,2.04,1.62,0.92,5LJT,-10.56305,0.7121,1.66,0.0453,0.0821,1.55
